nombre|salitre|salitre_stock|andino|andino_stock|titan|titan_stock|colina|colina_stock|santafe|santafe_stock|chia|chia_stock|calle 79|calle 79_stock|calle 109|calle 109_stock|calle 122|calle 122_stock|cedritos|cedritos_stock|fabrica|valor
ARITOS ARITO .|8|15|14|13|9|12|7|11|12|8|8|19|7|10|0|18|10|17|8|14|0|2022140
ARITOS ARITO AREQUIPE .|0|1|3|0|0|1|0|0|1|1|0|0|0|0|0|2|0|1|1|1|0|119500
ARITOS ARITO CHOCOFLAN .|0|0|0|0|0|0|0|0|0|0|0|0|0|1|0|0|0|0|0|0|0|0
ARITOS ARITO CHOCOLATE .|1|1|1|2|1|1|0|2|0|2|2|0|1|1|0|1|0|3|0|1|0|143400
ARITOS ARITO LIMON .|2|2|2|4|2|3|0|4|3|1|1|7|2|1|0|4|1|3|1|4|0|346600
ARITOS ARITO MARACUYA .|0|4|4|1|3|1|4|0|3|0|2|2|3|0|0|3|2|2|2|2|0|554540
BEBIDAS CALIENTES AMERICANO .|3||11||4||8||3||7||8||1||5||6||0|453600
BEBIDAS CALIENTES AMERICANO DOBLE .|2||0||0||0||0||0||0||0||0||0||0|17400
BEBIDAS CALIENTES AROMATICA DE FRUTAS .|1||0||0||0||0||1||0||0||1||0||0|27300
BEBIDAS CALIENTES AROMATICA HIERBABUENA .|0||1||0||0||0||0||0||0||1||0||0|13800
BEBIDAS CALIENTES BLUE CHAI .|0||0||0||0||0||0||0||0||0||0||0|0
BEBIDAS CALIENTES CAFÉ LATTE .|2||6||1||0||2||4||0||0||1||0||0|180800
BEBIDAS CALIENTES CAPUCHINO .|2||3||4||6||0||10||1||0||0||2||0|308000
BEBIDAS CALIENTES CHAI AMATISTA .|0||0||0||0||0||0||0||0||1||0||0|11500
BEBIDAS CALIENTES EXPRESSO .|0||1||0||0||0||0||0||0||0||2||0|24300
BEBIDAS CALIENTES MACCHIATO .|0||0||0||0||0||0||0||0||0||0||0|0
BEBIDAS CALIENTES MILO .|0||0||1||0||0||0||0||0||0||0||0|11300
BEBIDAS CALIENTES TE CHAI TE CHAI|0||1||0||0||0||1||0||0||0||0||0|23000
BEBIDAS CALIENTES TE EN AGUA|2||0||0||0||1||0||0||0||0||0||0|31500
BEBIDAS CALIENTES TE EN LECHE|0||0||0||0||0||0||0||0||0||1||0|11900
BEBIDAS CALIENTES TE GOLDEN MILK .|0||0||0||0||0||0||0||0||0||0||0|0
BEBIDAS CALIENTES TE MATCHA .|0||0||0||0||0||0||0||0||0||0||0|0
BEBIDAS CALIENTES TE MATCHA CHAI .|0||0||0||0||0||0||0||0||1||0||0|11500
BOMBAS BOMBA MEDIANA .|0||1||0||0||0||0||0||0||0||0||0|19100
BROWNIES CAJA MINIBROWNIES X 16 .|0|1|0|2|0|0|0|0|0|0|0|2|0|0|0|0|0|0|0|1|0|0
BROWNIES CAJAMINI BROWNIES .|0|0|0|0|0|0|0|0|0|0|0|0|0|0|0|0|1|0|1|0|0|59400
BROWNIES CHIPS NEGRO .|0|1|0|1|0|3|0|1|0|3|0|2|0|3|0|1|0|2|0|0|0|0
BROWNIES CHOCOLATE .|1|2|1|2|1|3|0|3|2|2|0|4|0|2|0|3|1|4|0|3|0|69600
BROWNIES MINI BROWNIES .|0|0|0|0|0|0|0|0|1|0|0|0|0|2|0|0|0|0|0|0|0|3700
BROWNIES M´M´S .|0|1|0|0|0|1|0|0|0|2|1|3|0|1|0|1|0|3|0|0|0|11600
BROWNIES OREO .|0|0|0|3|0|2|0|1|0|3|0|3|0|3|0|2|0|3|0|1|0|0
CHEESECAKE BITE SIZE .|0|35|10|2|1|22|0|32|0|17|3|23|0|21|0|32|2|14|0|26|0|112000
CHEESECAKE CHEESECAKE SIN AZUCAR ARITO LIGHT|1|8|2|7|4|4|5|5|7|0|7|3|0|9|2|6|1|8|4|6|0|825100
CHEESECAKE CHEESECAKE SIN AZUCAR DOBLE|1|0|0|1|0|1|0|1|0|1|2|0|1|0|0|2|2|0|0|1|2|1326800
CHEESECAKE CHEESECAKE SIN AZUCAR MEDIANO|0|7|1|5|0|4|2|4|0|4|2|3|1|3|0|5|1|7|0|12|1|916000
CHEESECAKE CHEESECAKE SIN AZUCAR MEDIANO CORAZON|0|0|0|0|0|1|0|1|0|0|0|0|0|0|0|0|0|0|0|0|0|0
CHEESECAKE CHEESECAKE SIN AZUCAR MINIMEDIANO|0|2|1|2|2|3|1|3|0|2|0|2|2|0|1|1|2|0|1|2|1|900400
CHEESECAKE CHEESECAKE SIN AZUCAR MINIMEDIANO CORAZON|0|0|0|0|0|0|0|1|0|0|0|0|0|0|0|0|0|0|0|0|0|0
CHEESECAKE CHEESECAKE SIN AZUCAR PX|2|2|9|0|0|0|2|7|0|0|1|3|0|4|0|0|1|1|2|1|0|342000
CHEESECAKE CHEESECAKE SIN AZUCAR TRIPLE|0|0|1|0|0|2|0|1|0|0|0|1|0|1|0|0|0|1|0|1|0|199000
CHEESECAKE CHEESECAKE TRADICIONAL DOBLE|1|0|0|2|0|1|0|1|0|2|0|1|0|1|0|1|0|4|1|1|1|486000
CHEESECAKE CHEESECAKE TRADICIONAL MEDIANO|0|10|0|8|0|4|1|3|1|4|3|2|2|4|0|5|1|6|1|7|0|1066800
CHEESECAKE CHEESECAKE TRADICIONAL MEDIANO CORAZON|0||0||1||0||0||0||0||0||0||0||0|117700
CHEESECAKE CHEESECAKE TRADICIONAL MINIMEDIANO|1|2|0|3|1|3|0|2|0|3|2|0|3|0|2|1|1|2|2|1|1|992900
CHEESECAKE CHEESECAKE TRADICIONAL PX|0|0|0|0|2|2|13|1|0|0|0|5|0|0|2|3|4|2|0|0|0|402850
CHEESECAKE CHEESECAKE TRADICIONAL TRIPLE|0|1|0|0|0|1|0|1|0|0|0|1|0|1|0|1|0|1|0|1|0|0
CHEESECAKE ESPECIAL AMERICAN CUPS CHOCO OREO|0|1|0|0|0|0|0|0|0|1|0|1|0|0|0|1|0|0|0|2|0|0
CHEESECAKE ESPECIAL AMERICAN CUPS CHOCORRAMO|0|1|1|2|0|0|0|1|0|0|0|0|0|2|0|2|0|1|0|2|0|22000
CHEESECAKE ESPECIAL AMERICAN CUPS FRAMBUESA|1|3|1|3|1|2|0|4|1|1|3|1|1|2|0|2|0|3|1|2|0|191400
CHEESECAKE ESPECIAL AMERICAN CUPS RED LEMON|0|2|1|3|0|1|1|0|2|0|1|0|0|0|0|4|0|2|0|3|0|110000
CHEESECAKE ESPECIAL AMERICAN CUPS TRES LECHES ZERO|1|2|2|1|0|2|0|2|0|3|0|2|1|1|0|2|0|3|0|3|0|90200
CHEESECAKE ESPECIAL AMERICAN CUPS ZANAHORIA|0|0|1|0|0|0|0|0|0|0|0|0|0|0|0|0|0|0|1|1|0|44000
CHEESECAKE ESPECIAL ARITO ESPECIAL ARANDANOS|0|1|2|0|0|0|0|1|0|0|0|0|1|0|1|1|0|0|0|2|0|104400
CHEESECAKE ESPECIAL ARITO ESPECIAL FRAMBUESA|1|1|1|2|0|0|0|0|0|0|0|0|0|2|0|1|0|0|0|2|0|52200
CHEESECAKE ESPECIAL ARITO ESPECIAL VASCO|0|3|0|0|0|0|0|1|0|1|0|0|0|1|0|1|0|2|1|1|0|28100
CHEESECAKE ESPECIAL ARITO ESPECIAL VASCO ARANDANO|0|1|0|1|0|2|0|0|0|0|0|2|0|0|1|0|0|2|1|0|0|51000
CHEESECAKE ESPECIAL ARITO ESPECIAL VASCO ZERO|0|1|1|0|0|1|0|0|1|0|0|1|0|0|0|1|0|2|1|1|0|79500
CHEESECAKE ESPECIAL DOBLE 15 PX BROWNIE|0||0||0||0||0||0||0||0||0||0||1|188000
CHEESECAKE ESPECIAL MEDIANO 10 PX BLACKBERRY/BROWNIE|0|0|0|0|0|0|0|0|0|0|1|0|0|0|0|0|0|0|0|0|0|133500
CHEESECAKE ESPECIAL MEDIANO 10 PX BROWNIE|0|1|0|0|0|0|0|0|0|0|0|0|0|0|0|0|0|0|0|0|0|0
CHEESECAKE ESPECIAL MEDIANO 10 PX FRAMBUESA|0|0|1|0|0|1|1|0|0|1|1|0|0|1|0|1|1|0|1|0|0|723200
CHEESECAKE ESPECIAL MEDIANO 10 PX FRUTOS ROJOS|0|3|0|1|0|1|0|1|0|0|1|0|0|1|0|1|1|0|1|1|0|413900
CHEESECAKE ESPECIAL MEDIANO 10 PX FRUTOS ROJOS ZERO|0|1|1|0|0|2|0|1|0|2|0|2|0|1|0|1|1|1|0|1|0|276000
CHEESECAKE ESPECIAL MEDIANO 10 PX LIMON|0|2|0|1|0|0|0|0|0|0|0|0|0|0|0|0|0|0|0|1|0|0
CHEESECAKE ESPECIAL MEDIANO 10 PX MARACUYA|1|0|0|0|0|1|0|1|0|1|0|2|0|1|0|1|0|1|0|1|0|133500
CHEESECAKE ESPECIAL MEDIANO 10 PX NEW YOR|0|0|0|0|0|0|0|0|0|0|0|0|0|0|0|0|0|1|0|0|0|0
CHEESECAKE ESPECIAL MONOPORCION ZERO FRUTOS ROJOS|1|4|1|3|0|4|0|4|0|3|0|6|3|0|2|1|0|3|1|4|0|190800
CHEESECAKE ESPECIAL PORCION .|0|0|0|0|0|4|0|0|0|0|0|0|0|0|0|0|0|0|0|0|0|0
CHEESECAKE MINI BITES POR 12 UNIDADES .|0||0||1||0||0||0||1||0||1||0||0|252000
CHEESECAKE MINI BITES POR 16 UNIDADES .|0||1||0||0||0||0||0||0||0||0||0|112000
CHEESECAKE MINI BITES POR 8 UNIDADES .|0||0||2||0||0||0||0||1||2||1||0|358400
CHOCOLATERIA COLOMBINAS .|0|0|0|4|0|2|0|0|0|6|0|0|0|8|1|8|1|10|0|8|0|35000
CHOCOLATERIA VELAS PEQUEÑAS .|1|55|1|68|0|53|1|72|0|47|0|45|0|74|0|42|0|62|0|57|0|52500
GALLETERIA ALFAJORES .|0|5|2|2|0|5|0|3|0|5|1|3|0|5|0|3|0|5|0|5|0|26700
GALLETERIA CAJA GALLETAS OJITOS MERMELADA .|0|1|0|1|0|1|0|1|0|1|0|1|0|1|0|1|0|1|0|1|0|0
GALLETERIA CAJA GALLETAS SURTIDAS .|0|1|0|2|0|1|0|1|0|0|0|1|0|0|0|0|0|0|0|0|0|0
GALLETERIA CORAZONES ACHOCOLATADOS .|0|1|0|0|1|2|1|0|0|4|0|0|2|1|2|3|0|0|2|0|0|56000
GALLETERIA GALLETAS AVENA .|0|4|0|4|0|3|1|2|1|2|1|9|0|2|0|1|0|4|1|3|0|41200
GALLETERIA GALLETAS CHOCOLACHIPS .|0|3|1|2|0|3|1|3|0|3|0|4|0|3|0|2|0|3|0|2|0|20600
GALLETERIA GALLETAS OJITOS MERMELADA .|1|3|0|4|0|8|1|3|0|5|5|2|5|0|1|4|1|4|0|5|0|61600
GALLETERIA GALLETERIA ALMENDRA|0|5|0|6|2|3|0|6|0|5|4|0|0|4|0|4|1|4|0|5|0|25200
GALLETERIA MINI ALFAJORES .|0|7|2|6|0|6|4|3|0|6|4|2|2|5|1|5|1|9|0|7|0|50400
GALLETERIA PAQUETICO GALLETA JALEA .|0|0|0|0|0|3|0|0|0|1|0|0|0|7|0|4|3|6|0|1|0|13800
GRUPO BEBIDAS FRIAS AGUA CON GAS .|1|15|2|8|0|8|4|8|0|10|2|14|0|14|0|8|1|8|0|14|0|76000
GRUPO BEBIDAS FRIAS AGUA NORMAL .|0|31|8|33|0|32|3|41|1|22|9|22|1|16|0|19|3|24|0|25|0|190000
GRUPO BEBIDAS FRIAS BOTELLA VINO SIMPLE|0|1|0|1|0|3|0|7|0|4|0|5|0|3|0|6|0|4|0|1|0|0
GRUPO BEBIDAS FRIAS BRETAÑA .|0|9|0|26|0|0|0|0|0|0|0|16|0|15|0|0|0|11|1|4|0|8700
GRUPO BEBIDAS FRIAS GASEOSA COCACOLA DIETY|2|15|3|9|2|5|1|9|0|10|2|1|2|7|1|8|0|15|1|10|0|122700
GRUPO BEBIDAS FRIAS GASEOSA COCACOLA NORMAL|0|12|1|5|0|12|1|11|2|8|0|14|0|11|0|9|0|10|0|15|0|34800
GRUPO BEBIDAS FRIAS HATSU .|0|9|0|10|0|8|0|12|0|7|0|8|1|7|0|4|0|9|1|6|0|18800
GRUPO BEBIDAS FRIAS LIMONADA FRAMBUESA|0|6|0|0|0|1|0|0|0|0|1|0|0|3|0|3|0|7|1|4|0|23000
GRUPO BEBIDAS FRIAS LIMONADA SANDIA Y ALBAHACA|0|6|0|5|0|3|0|0|0|0|2|3|1|4|0|3|0|5|0|3|0|34500
GRUPO BEBIDAS FRIAS MILO FRIO .|1|0|0|0|0|0|0|4|0|0|0|0|0|0|0|0|0|0|0|0|0|11300
GRUPO BEBIDAS FRIAS MR. TE .|0|10|0|13|0|10|0|1|0|3|2|6|0|6|0|2|0|11|0|11|0|11600
GRUPO BEBIDAS FRIAS SODA DE FRUTA FREIJOA|0|0|0|5|0|0|0|0|0|0|0|0|0|4|0|0|0|6|0|3|0|0
GRUPO BEBIDAS FRIAS SODA DE FRUTA FRUTOS ROJOS|0||0||0||0||0||0||0||0||0||0||0|0
GRUPO BEBIDAS FRIAS SODA DE FRUTA FRUTOS VERDES|0|0|0|0|0|0|0|0|0|0|0|0|0|0|0|0|0|1|0|0|0|0
GRUPO BEBIDAS FRIAS SODA DE FRUTA LULO|0||0||0||0||0||0||0||0||0||0||0|0
GRUPO BEBIDAS FRIAS SODA DE FRUTA MARACUYA|0||0||0||0||0||0||0||0||1||0||0|13000
GRUPO BEBIDAS FRIAS VASO LECHE .|0||2||0||0||0||0||0||1||0||0||0|20700
HOJALDRES DE SAL PALOS DE QUESO .|0|5|0|8|0|4|3|2|0|4|4|3|1|3|0|4|0|2|0|4|0|87200
HOJALDRES DE SAL PASTELES DE POLLO .|1|2|3|5|1|2|3|1|2|2|6|3|3|2|0|4|0|4|3|2|0|270600
LECHE LECHE DESLACTOSADA .|0|567|0|1392|0|1494|0|603|0|342|0|530|0|2258|0|551|0|493|0|1217|0|0
LECHE LECHE NORMAL .|0|466|0|2166|0|1704|0|2546|0|418|0|550|0|328|0|486|0|425|0|1352|0|0
MILHOJAS PXVAINILLA AREQUIPE .|1||0||0||0||0||0||0||0||0||0||0|16000
PIE LIMON MINI .|0|3|2|1|1|3|0|4|0|3|1|2|1|3|0|3|1|2|1|2|0|161200
PIE PIE MANZANA .|0|4|2|3|0|3|0|4|1|0|1|3|0|3|1|1|0|1|1|2|0|138500
PONQUES MINIPONQUE KINDER|0|0|1|0|0|1|0|1|0|0|2|0|0|0|0|1|0|1|0|1|0|96100
PONQUES MINIPONQUE NUTELLA|0|1|0|1|0|0|0|1|0|0|0|0|0|1|0|0|0|1|0|1|0|0
PONQUES MINIPONQUE OREO|0|2|0|1|0|1|0|1|1|1|1|0|0|2|0|1|0|2|0|1|0|62000
PONQUES MINIPONQUE REDVELVET|1|0|0|3|2|1|0|3|1|2|0|3|1|1|0|3|0|3|1|2|1|214000
PONQUES MINIPONQUE REDVELVET ESPECIAL|0|0|1|0|0|2|0|0|0|0|0|0|0|0|0|2|0|0|0|0|0|29500
PONQUES MINIPONQUE T. CHOCOLATE SIN AZUCAR AÑADIDO|1|0|0|1|0|1|0|1|0|0|0|1|0|1|0|0|1|0|0|1|0|62000
PONQUES PX .|4|2|1|5|0|0|0|0|0|0|0|0|2|4|0|0|0|0|0|0|0|116100
PONQUES TORTA 18 PX OREO|0||0||0||0||0||0||0||0||0||0||1|200200
PONQUES TORTA 8 PX GANACHE|0|0|0|0|0|1|0|0|0|0|0|0|0|0|0|1|0|0|0|0|0|0
PONQUES TORTA 8 PX KINDER|0|1|0|1|0|1|0|1|0|1|0|1|0|0|0|0|0|1|0|1|0|0
PONQUES TORTA 8 PX NUTELLA|0|0|0|0|0|0|0|0|0|0|0|0|0|0|0|0|0|1|0|0|0|0
PONQUES TORTA 8 PX RED VELVET|1|0|0|1|0|1|0|1|0|0|1|0|0|0|0|1|0|1|0|0|1|218380
PONQUES TORTA 8 PX ZANAHORIA|0|0|0|0|0|0|0|0|0|0|1|0|0|1|0|0|0|0|0|1|0|89700
TARTALETA TARTALETA NORMAL MEDIANA 8 PX|0||0||0||0||0||1||0||0||0||0||0|134000
TARTALETA TARTALETA NORMAL MINITARTALETA|1|3|0|5|1|3|2|3|0|0|1|4|0|3|0|3|1|3|4|0|0|260600
TARTALETA TARTALETA SIN AZUCAR GRANDE 12 PX|0|0|0|0|0|0|0|0|0|0|0|0|0|0|0|0|0|0|1|0|0|187500
TARTALETA TARTALETA SIN AZUCAR GRANDE 20 PX|0|0|0|0|0|0|0|0|0|0|0|0|0|0|0|0|0|1|0|0|0|0
TARTALETA TARTALETA SIN AZUCAR MINITARTALETA|1|2|3|2|1|3|1|3|0|0|0|4|0|3|1|2|2|3|3|1|0|319500
TORTA 3 LECHES COPITAS T. 3 LECHES .|0|0|0|0|0|0|0|0|0|0|0|0|0|0|0|1|0|3|0|2|0|0
TORTA PX EN CUADROS ZANAHORIA .|0|0|1|2|0|3|0|2|0|0|0|0|0|0|0|0|1|0|0|3|0|38600
VARIOS DOMICILIO .|0||0||0||0||0||0||0||0||1||0||5|74900
